Model,MAE,MSE,RMSE,R²
Random Forest,0.21674744345453015,0.09095833392497689,0.3015929938260783,0.8670982786199579
