Model,MAE,MSE,RMSE,R²
Linear Regression,0.18407903100912504,0.0634918775269885,0.2519759463262089,0.9072302728857429
